{
  "handler": "Microsoft.Compute.MultiVm",
  "version": "0.1.2-preview",
  "parameters": {
    "basics": [
      {
        "name": "vmName",
        "type": "Microsoft.Common.TextBox",
        "label": "Virtual Machine name",
        "toolTip": "The name of the Virtual Machine.",
        "defaultValue": "ChefAutomate",
        "constraints": {
          "required": true,
          "regex": "^[a-z0-9A-Z]{3,79}$",
          "validationMessage": "The VM Name must be between 3 and 79 characters long and be letters and numbers only."
        }
      },
      {
        "name": "adminUsername",
        "type": "Microsoft.Compute.UserNameTextBox",
        "label": "Username",
        "toolTip": "Admin username for the machine",
        "osPlatform": "Linux",
        "defaultValue": "azure",
        "constraints": {
          "required": true
        }
      },
      {
        "name": "SSHCredentials",
        "type": "Microsoft.Compute.CredentialsCombo",
        "label": {
          "authenticationType": "Authentication type",
          "password": "Password",
          "confirmPassword": "Confirm password",
          "sshPublicKey": "SSH public key"
        },
        "toolTip": {
          "authenticationType": "Authentication Type for the Virtual Machine",
          "password": "Password for the Virtual Machine",
          "sshPublicKey": "SSH Public Key for the Virtual Machine"
        },
        "constraints": {
          "required": true
        },
        "options": {
          "hideConfirmation": false
        },
        "osPlatform": "Linux"
      }
    ],
    "steps": [
      {
        "name": "VirtualMachineConfig",
        "label": "Virtual machine settings",
        "subLabel": {
          "preValidation": "Configure the Chef Automate virtual machine",
          "postValidation": "Done"
        },
        "bladeTitle": "Virtual machine settings",
        "elements": [
          {
            "name": "storageAccount",
            "type": "Microsoft.Storage.StorageAccountSelector",
            "label": "Storage account",
            "toolTip": "Storage Account for the Virtual Machine's disks",
            "defaultValue": {
              "type": "Standard_LRS",
              "name": "[concat('chefdisk', take(replace(guid(), '-', ''), 10))]"
            },
            "constraints": {
              "allowedTypes": [
                "Standard_LRS",
                "Standard_GRS",
                "Premium_LRS"
              ]
            }
          },
          {
            "name": "diagnosticStorageAccount",
            "type": "Microsoft.Storage.StorageAccountSelector",
            "label": "Diagnostic storage account",
            "toolTip": "Storage Account for the Virtual Machine's diagnostics",
            "defaultValue": {
              "type": "Standard_LRS",
              "name": "[concat('chefdiag', take(replace(guid(), '-', ''), 10))]"
            },
            "constraints": {
              "allowedTypes": [
                "Standard_LRS",
                "Standard_GRS"
              ]
            }
          },
          {
            "name": "vmSizeStandard",
            "type": "Microsoft.Compute.SizeSelector",
            "label": "Virtual machine size",
            "toolTip": "The size of virtual machine to provision.",
            "recommendedSizes": [
              "Standard_D2_v2",
              "Standard_A2_v2",
              "Standard_A2m_v2",
              "Standard_A2"
            ],
            "constraints": {
              "allowedSizes": [
                "Standard_A2",
                "Standard_A3",
                "Standard_A4",
                "Standard_A5",
                "Standard_A6",
                "Standard_A7",
                "Standard_A2_v2",
                "Standard_A4_v2",
                "Standard_A8_v2",
                "Standard_A2m_v2",
                "Standard_A4m_v2",
                "Standard_A8m_v2",
                "Standard_D2",
                "Standard_D3",
                "Standard_D4",
                "Standard_D11",
                "Standard_D12",
                "Standard_D13",
                "Standard_D14",
                "Standard_D2_v2",
                "Standard_D3_v2",
                "Standard_D4_v2",
                "Standard_D5_v2",
                "Standard_D11_v2",
                "Standard_D12_v2",
                "Standard_D13_v2",
                "Standard_D14_v2",
                "Standard_DS4",
                "Standard_DS12",
                "Standard_DS13",
                "Standard_DS14",
                "Standard_DS4_v2",
                "Standard_DS5_v2",
                "Standard_DS12_v2",
                "Standard_DS13_v2",
                "Standard_DS14_v2",
                "Standard_F4",
                "Standard_F8",
                "Standard_F16",
                "Standard_G1",
                "Standard_G2",
                "Standard_G3",
                "Standard_G4",
                "Standard_GS1",
                "Standard_GS2",
                "Standard_GS3",
                "Standard_GS4",
                "Standard_GS5",
                "Standard_L4s",
                "Standard_L8s",
                "Standard_L16s",
                "Standard_L32s"
              ]
            },
            "osPlatform": "Linux",
            "count": "1",
            "visible": "[not(equals('Premium_LRS', steps('VirtualMachineConfig').storageAccount.type))]"
          },
          {
            "name": "vmSizePremium",
            "type": "Microsoft.Compute.SizeSelector",
            "label": "Virtual machine size",
            "toolTip": "The size of virtual machine to provision.",
            "recommendedSizes": [
              "Standard_DS4",
              "Standard_DS4_v2",
              "Standard_DS5_v2"
            ],
            "constraints": {
              "allowedSizes": [
                "Standard_DS4",
                "Standard_DS12",
                "Standard_DS13",
                "Standard_DS14",
                "Standard_DS4_v2",
                "Standard_DS5_v2",
                "Standard_DS12_v2",
                "Standard_DS13_v2",
                "Standard_DS14_v2",
                "Standard_GS1",
                "Standard_GS2",
                "Standard_GS3",
                "Standard_GS4",
                "Standard_GS5"
              ]
            },
            "osPlatform": "Linux",
            "count": "1",
            "visible": "[equals('Premium_LRS', steps('VirtualMachineConfig').storageAccount.type)]"
          },
          {
            "name": "publicIpAddress",
            "type": "Microsoft.Network.PublicIpAddressCombo",
            "label": {
              "publicIpAddress": "Chef Automate public IP address",
              "domainNameLabel": "Chef Automate FQDN DNS Label"
            },
            "toolTip": {
              "publicIpAddress": "The public IP Address to use for Chef Automate",
              "domainNameLabel": "The DNS label to use as the Chef Automate FQDN"
            },
            "defaultValue": {
              "publicIpAddressName": "ChefAutomatePubIP",
              "domainNameLabel": "[basics('Name')]"
            },
            "options": {
              "hideExisting": true
            },
            "constraints": {
              "required": {
                "domainNameLabel": true
              }
            }
          },
          {
            "name": "virtualNetwork",
            "type": "Microsoft.Network.VirtualNetworkCombo",
            "label": {
              "virtualNetwork": "Virtual network",
              "subnets": "Subnets"
            },
            "toolTip": {
              "virtualNetwork": "Virtual Network Name",
              "subnets": "Subnets requied for Chef Automate"
            },
            "defaultValue": {
              "name": "vnet01",
              "addressPrefixSize": "/22"
            },
            "constraints": {
              "minAddressPrefixSize": "/22"
            },
            "subnets": {
              "subnet1": {
                "label": "Chef subnet",
                "defaultValue": {
                  "name": "chefautomate-subnet",
                  "addressPrefixSize": "/24"
                },
                "constraints": {
                  "minAddressPrefixSize": "/24",
                  "minAddressCount": 12,
                  "requireContiguousAddresses": false
                }
              }
            }
          }
        ]
      },
      {
        "name": "ChefAutomateSetup",
        "label": "Chef Automate Setup",
        "subLabel": {
          "preValidation": "Configure Chef Automate",
          "postValidation": "Done"
        },
        "bladeTitle": "Chef Automate License",
        "elements": [
          {
            "name": "automateLicenseUri",
            "type": "Microsoft.Common.FileUpload",
            "label": "Chef Automate License File",
            "toolTip": "The Chef Automate license file. If omitted a 30 day trial license will be used",
            "constraints": {
              "required": false,
              "accept": ".license"
            },
            "options": {
              "uploadMode": "url",
              "multiple": false,
              "openMode": "binary",
              "encoding": "UTF-8"
            }
          }
        ]
      }
    ],
    "outputs": {
      "adminPassword": "[basics('SSHCredentials').password]",
      "adminUsername": "[basics('adminUsername')]",
      "authenticationType": "[basics('SSHCredentials').authenticationType]",
      "automateLicenseUri": "[steps('ChefAutomateSetup').automateLicenseUri]",
      "diagnosticStorageAccountName": "[steps('VirtualMachineConfig').diagnosticStorageAccount.name]",
      "diagnosticStorageAccountNewOrExisting": "[steps('VirtualMachineConfig').diagnosticStorageAccount.newOrExisting]",
      "diagnosticStorageAccountType": "[steps('VirtualMachineConfig').diagnosticStorageAccount.type]",
      "diagnosticStorageAccountResourceGroup": "[steps('VirtualMachineConfig').diagnosticStorageAccount.resourceGroup]",
      "location": "[location()]",
      "publicIPAddressName": "[steps('VirtualMachineConfig').publicIpAddress.name]",
      "publicIPAddressResourceGroup": "[steps('VirtualMachineConfig').publicIpAddress.resourceGroup]",
      "publicIPDnsName": "[steps('VirtualMachineConfig').publicIpAddress.domainNameLabel]",
      "publicIPNewOrExisting": "[steps('VirtualMachineConfig').publicIpAddress.newOrExistingOrNone]",
      "resourceGroupName": "[steps('VirtualMachineConfig').storageAccount.resourceGroup]",
      "sshPublicKey": "[basics('SSHCredentials').sshPublicKey]",
      "storageAccountName": "[steps('VirtualMachineConfig').storageAccount.name]",
      "storageAccountNewOrExisting": "[steps('VirtualMachineConfig').storageAccount.newOrExisting]",
      "storageAccountType": "[steps('VirtualMachineConfig').storageAccount.type]",
      "storageAccountResourceGroup": "[steps('VirtualMachineConfig').storageAccount.resourceGroup]",
      "subnetName": "[steps('VirtualMachineConfig').virtualNetwork.subnets.subnet1.name]",
      "subnetPrefix": "[steps('VirtualMachineConfig').virtualNetwork.subnets.subnet1.addressPrefix]",
      "virtualNetworkAddressPrefix": "[steps('VirtualMachineConfig').virtualNetwork.addressPrefix]",
      "virtualNetworkName": "[steps('VirtualMachineConfig').virtualNetwork.name]",
      "virtualNetworkNewOrExisting": "[steps('VirtualMachineConfig').virtualNetwork.newOrExisting]",
      "virtualNetworkResourceGroup": "[steps('VirtualMachineConfig').virtualNetwork.resourceGroup]",
      "vmName": "[basics('vmName')]",
      "vmSize": "[coalesce(steps('VirtualMachineConfig').vmSizeStandard, steps('VirtualMachineConfig').vmSizePremium, 'Standard_D2_v2')]"
    }
  }
}
