{
  "$schema": "http://schema.management.azure.com/schemas/2015-01-01/deploymentParameters.json#",
  "contentVersion": "1.0.0.0",
  "parameters": {
    "adminPassword": {
      "value": "Password123!"
    },
    "adminUsername": {
      "value": "azure"
    },
    "authenticationType": {
      "value": "password"
    },
    "automateLicenseUri": {
      "value": "https://github.com/chef-partners/omnibus-marketplace/blob/master/files/chef-marketplace-cookbooks/chef-marketplace/files/default/delivery.license?raw=true"
    },
    "diagnosticStorageAccountName": {
      "value": "automatediagstorage"
    },
    "diagnosticStorageAccountNewOrExisting": {
      "value": "new"
    },
    "diagnosticStorageAccountType": {
      "value": "Standard_LRS"
    },
    "diagnosticStorageAccountResourceGroup": {
      "value": ""
    },
    "imageProduct": {
      "value": "chef-automate"
    },
    "imageSKU": {
      "value": "byol"
    },
    "imageVersion": {
      "value": "latest"
    },
    "location": {
      "value": "eastus"
    },
    "publicIPAddressName": {
      "value": "automatetestaddr"
    },
    "publicIPAddressResourceGroup": {
      "value": ""
    },
    "publicIPDnsName": {
      "value": "automatetestvm"
    },
    "publicIPNewOrExisting": {
      "value": "new"
    },
    "resourceGroupName": {
      "value": "automatearmtest"
    },
    "sshPublicKey": {
      "value": ""
    },
    "storageAccountName": {
      "value": "automatestorage"
    },
    "storageAccountNewOrExisting": {
      "value": "new"
    },
    "storageAccountType": {
      "value": "Standard_LRS"
    },
    "storageAccountResourceGroup": {
      "value": ""
    },
    "subnetName": {
      "value": "chefautomate-subnet"
    },
    "subnetPrefix": {
      "value": "10.0.0.0/24"
    },
    "virtualNetworkAddressPrefix": {
      "value": "10.0.0.0/16"
    },
    "virtualNetworkName": {
      "value": "vnet01"
    },
    "virtualNetworkNewOrExisting": {
      "value": "new"
    },
    "virtualNetworkResourceGroup": {
      "value": ""
    },
    "vmName": {
      "value": "testchefautomate"
    },
    "vmSize": {
      "value": "Standard_D2_v2"
    },
    "baseUrl": {
      "value": "https://raw.githubusercontent.com/chef-partners/omnibus-marketplace/master/arm-templates/automate"
    }
  }
}
