{
    "$schema": "https://schema.management.azure.com/schemas/2015-01-01/deploymentTemplate.json#",
    "contentVersion": "1.0.0.0",
    "parameters": {
      "applianceDefinitionId" :{
          "type": "string" 
        },
       "adminPassword": {
      "type": "securestring",
      "metadata": {
        "description": "Password for the Virtual Machine."
      },
      "defaultValue": ""
    },
    "adminUsername": {
      "type": "string",
      "metadata": {
        "description": "User name for the Virtual Machine."
      }
    },
    "authenticationType": {
      "type": "string",
      "metadata": {
        "description": "Password or SSH authentication"
      }
    },
    "automateLicenseUri": {
      "type": "string",
      "metadata": {
        "description": "Chef Automate license file Uri"
      },
      "defaultValue": ""
    },
    "diagnosticStorageAccountName": {
      "type": "string",
      "metadata": {
        "description": "Name of the storage account to use for diagnostics"
      }
    },
    "diagnosticStorageAccountNewOrExisting": {
      "type": "string",
      "metadata": {
        "description": "State whether to create or use an existing storage account"
      },
      "defaultValue": "new"
    },
    "diagnosticStorageAccountType": {
      "type": "string",
      "metadata": {
        "description": "Type of storage account to create for diagnostics"
      },
      "defaultValue": "Standard_LRS"
    },
    "diagnosticStorageAccountResourceGroup": {
      "type": "string",
      "metadata": {
        "description": "Resouce Group of the storage account to use for diagnostics"
      },
      "defaultValue": ""
    },
    "imageProduct": {
      "type": "string",
      "metadata": {
        "description": "The name of the product offering"
      },
      "defaultValue": "chef-automate"
    },
    "imageSKU": {
      "type": "string",
      "metadata": {
        "description": "The SKU of product offering"
      },
      "defaultValue": "byol"
    },
    "imageVersion": {
      "type": "string",
      "metadata": {
        "description": "The version of the product offering"
      },
      "defaultValue": "latest"
    },
    "location": {
      "type": "string",
      "metadata": {
        "description": "Azure location for this machine"
      }
    },
    "publicIPAddressName": {
      "type": "string",
      "metadata": {
        "description": "Name to give to the Public IP address of the machine"
      }
    },
    "publicIPAddressResourceGroup": {
      "type": "string",
      "metadata": {
        "description": "Name of the Public IP Adresseses Resource Group"
      },
      "defaultValue": ""
    },
    "publicIPDnsName": {
      "type": "string",
      "metadata": {
        "description": "The Domain Name Label for the DNS entry"
      }
    },
    "publicIPNewOrExisting": {
      "type": "string",
      "metadata": {
        "description": "Whether a new or an existing IP address should be used"
      },
      "defaultValue": "new"
    },
    "resourceGroupName": {
      "type": "string",
      "metadata": {
        "description": "Name of the resource group into which everything will be deployed"
      }
    },
    "sshPublicKey": {
      "type": "string",
      "metadata": {
        "description": "SSH Public key for the specified user"
      },
      "defaultValue": ""
    },
    "storageAccountName": {
      "type": "string",
      "metadata": {
        "description": "Name of the storage account to use or created"
      }
    },
    "storageAccountNewOrExisting": {
      "type": "string",
      "metadata": {
        "description": "State whether to create or use an existing storage account"
      },
      "defaultValue": "new"
    },
    "storageAccountType": {
      "type": "string",
      "metadata": {
        "description": "Type of storage account to create"
      },
      "defaultValue": "Standard_LRS"
    },
    "storageAccountResourceGroup": {
      "type": "string",
      "metadata": {
        "description": "Resouce Group of the storage account to use for Virtual Machine disks"
      },
      "defaultValue": ""
    },
    "subnetName": {
      "type": "string",
      "metadata": {
        "description": "Name of the subnet to create within the virtual network"
      }
    },
    "subnetPrefix": {
      "type": "string",
      "metadata": {
        "description": "Address space for the subnet"
      }
    },
    "virtualNetworkAddressPrefix": {
      "type": "string",
      "metadata": {
        "description": "Virtual Network Address space"
      },
      "defaultValue": "10.0.0.0/16"
    },
    "virtualNetworkName": {
      "type": "string",
      "metadata": {
        "description": "Name of the virtual network to create or use"
      }
    },
    "virtualNetworkNewOrExisting": {
      "type": "string",
      "metadata": {
        "description": "State whether the virtual network exists or not"
      },
      "defaultValue": "new"
    },
    "virtualNetworkResourceGroup": {
      "type": "string",
      "metadata": {
        "description": "Resouce Group of the virtual network"
      },
      "defaultValue": ""
    },
    "vmName": {
      "type": "string",
      "metadata": {
        "description": "Name of the virtual machine in Azure, this will also be the hostname"
      }
    },
    "vmSize": {
      "type": "string",
      "metadata": {
        "description": "Size of the machine to create"
      }
    },
    "baseUrl": {
      "type": "string",
      "metadata": {
        "description": "Base URL for dependent assets",
        "artifactsBaseUrl": ""
      },
      "defaultValue": "https://raw.githubusercontent.com/chef-partners/omnibus-marketplace/master/arm-templates/automate"
    }
  },
    "variables": {   
      "managedByResourceGroupId": "[concat(resourceGroup().id,uniquestring(resourceGroup().id))]"         
    },
    "resources": [{
         "type": "Microsoft.Solutions/appliances",
            "name": "[parameters('vmName')]",
            "apiVersion": "2016-09-01-preview",
            "location": "[resourceGroup().location]",
            "kind": "ServiceCatalog",
            "properties": {
                "managedResourceGroupId": "[variables('managedByResourceGroupId')]",
                "applianceDefinitionId": "[parameters('applianceDefinitionId')]",
            "Parameters": {
                "adminPassword": {
                    "value": "[parameters('adminPassword')]"                          
          },
                "adminUsername": {
                    "value": "[parameters('adminUsername')]"
          },
                "authenticationType": {
                    "value": "[parameters('authenticationType')]"     
          },
                "automateLicenseUri": {
                    "value": "[parameters('automateLicenseUri')]"      
          },
                "diagnosticStorageAccountName": {
                    "value": "[parameters('diagnosticStorageAccountName')]"      
          },
                "diagnosticStorageAccountNewOrExisting": {
                    "value": "[parameters('diagnosticStorageAccountNewOrExisting')]"      
          },
                "diagnosticStorageAccountType": {
                    "value": "[parameters('diagnosticStorageAccountType')]"
          },
                "diagnosticStorageAccountResourceGroup": {
                    "value": "[parameters('diagnosticStorageAccountResourceGroup')]"
          },
                "imageProduct": {
                    "value": "[parameters('imageProduct')]"      
          },
                "imageSKU": {
                    "value": "[parameters('imageSKU')]"      
          },
                "imageVersion": {
                    "value": "[parameters('imageVersion')]"      
          },
                "location": {
                    "value": "[parameters('location')]"
          },     
                "publicIPAddressName": {
                    "value": "[parameters('publicIPAddressName')]"      
          },
                "publicIPAddressResourceGroup": {
                    "value": "[parameters('publicIPAddressResourceGroup')]"
          },
                "publicIPDnsName": {
                    "value": "[parameters('publicIPDnsName')]"      
          },
                "publicIPNewOrExisting": {
                    "value": "[parameters('publicIPNewOrExisting')]"      
          },
                "resourceGroupName": {
                    "value": "[parameters('resourceGroupName')]"      
          },
                "sshPublicKey": {
                    "value": "[parameters('sshPublicKey')]"      
          },
                "storageAccountName": {
                    "value": "[parameters('storageAccountName')]"     
          },
                "storageAccountNewOrExisting": {
                    "value": "[parameters('storageAccountNewOrExisting')]"      
          },
                "storageAccountType": {
                    "value": "[parameters('storageAccountType')]"      
          },
                "storageAccountResourceGroup": {
                    "value": "[parameters('storageAccountResourceGroup')]"      
          },
                "subnetName": {
                    "value": "[parameters('subnetName')]"    
          },
                "subnetPrefix": {
                    "value": "[parameters('subnetPrefix')]"      
          },
                "virtualNetworkAddressPrefix": {
                    "value": "[parameters('virtualNetworkAddressPrefix')]"     
          },
                "virtualNetworkName": {
                    "value": "[parameters('virtualNetworkName')]"      
          },
                "virtualNetworkNewOrExisting": {
                    "value": "[parameters('virtualNetworkNewOrExisting')]"      
          },
                "virtualNetworkResourceGroup": {
                    "value": "[parameters('virtualNetworkResourceGroup')]"      
          },
                "vmName": {
                    "value": "[parameters('vmName')]"      
          },
                "vmSize": {
                    "value": "[parameters('vmSize')]"     
          },
                "baseUrl": {
                    "value": "[parameters('baseUrl')]"
                }
                
            }               
            }
            }]
    
}