{
  "$schema": "https://schema.management.azure.com/schemas/2015-01-01/deploymentTemplate.json#",
  "contentVersion": "1.0.0.0",
  "parameters": {
    "apiVersions": {
      "type": "object",
      "metadata": {
        "description": "ARM resource API versions"
      }
    },
    "dnsLabelPrefix": {
      "type": "string"
    },
    "location": {
      "type": "string",
      "metadata": {
        "description": "Azure location for the resource"
      }
    },
    "providerGuid": {
      "type": "string",
      "metadata": {
        "description": "The provider GUID"
      }
    },
    "publicIPAddressName": {
      "type": "string",
      "metadata": {
        "description": "Name to give to the Public IP Address"
      }
    },
    "publicIPAddressResourceGroup": {
      "type": "string",
      "metadata": {
        "description": "The Public IP Addresses Resource Group"
      }
    },
    "publicIPAddressType": {
      "type": "string",
      "metadata": {
        "description": "Type of public ip address"
      }
    }
  },
  "resources": [
    {
      "type": "Microsoft.Network/publicIPAddresses",
      "name": "[parameters('publicIPAddressName')]",
      "apiVersion": "[parameters('apiVersions').publicIPAddresses]",
      "location": "[parameters('location')]",
      "tags": {
        "project": "Chef Automate",
        "provider": "[parameters('providerGuid')]"
      },
      "properties": {
        "publicIPAllocationMethod": "[parameters('publicIPAddressType')]",
        "dnsSettings": {
          "domainNameLabel": "[parameters('dnsLabelPrefix')]"
        }
      }
    }
  ],
  "outputs": {
    "publicIpId": {
      "value": "[resourceId('Microsoft.Network/publicIPAddresses', parameters('publicIPAddressName'))]",
      "type": "string"
    },
    "fqdn": {
      "value": "[reference(resourceId('Microsoft.Network/publicIPAddresses', parameters('publicIPAddressName')), parameters('apiVersions').publicIPAddresses).dnsSettings.fqdn]",
      "type": "string"
    }
  }
}
