{
  "$schema": "https://schema.management.azure.com/schemas/2015-01-01/deploymentTemplate.json#",
  "contentVersion": "1.0.0.0",
  "parameters": {
    "apiVersions": {
      "type": "object",
      "metadata": {
        "description": "ARM resource API versions"
      }
    },
    "dnsLabelPrefix": {
      "type": "string"
    },
    "location": {
      "type": "string",
      "metadata": {
        "description": "Azure location for the resource"
      }
    },
    "providerGuid": {
      "type": "string",
      "metadata": {
        "description": "The provider GUID"
      }
    },
    "publicIPAddressName": {
      "type": "string",
      "metadata": {
        "description": "Name to give to the Public IP Address"
      }
    },
    "publicIPAddressResourceGroup": {
      "type": "string",
      "metadata": {
        "description": "The Public IP Addresses Resource Group"
      }
    },
    "publicIPAddressType": {
      "type": "string",
      "metadata": {
        "description": "Type of public ip address"
      }
    }
  },
  "resources": [],
  "outputs": {
    "publicIpId": {
      "value": "[resourceId(parameters('publicIPAddressResourceGroup'), 'Microsoft.Network/publicIPAddresses', parameters('publicIPAddressName'))]",
      "type": "string"
    },
    "fqdn": {
      "value": "[reference(resourceId(parameters('publicIPAddressResourceGroup'), 'Microsoft.Network/publicIPAddresses', parameters('publicIPAddressName')), parameters('apiVersions').publicIPAddresses).dnsSettings.fqdn]",
      "type": "string"
    }
  }
}
