{
  "$schema": "https://schema.management.azure.com/schemas/2015-01-01/deploymentTemplate.json#",
  "contentVersion": "1.0.0.0",
  "parameters": {
    "apiVersions": {
      "type": "object",
      "metadata": {
        "description": "ARM resource API versions"
      }
    },
    "location": {
      "type": "string"
    },
    "providerGuid": {
      "type": "string",
      "metadata": {
        "description": "The provider GUID"
      }
    },
    "storageAccountName": {
      "type": "string",
      "metadata": {
        "Description": "The name of the new storage account created to store the VMs disks"
      }
    },
    "storageAccountType": {
      "type": "string",
      "allowedValues": [
        "Standard_LRS",
        "Standard_GRS",
        "Premium_LRS"
      ],
      "metadata": {
        "Description": "The type of the Storage Account created"
      },
      "defaultValue": "Standard_LRS"
    },
    "storageAccountResourceGroup": {
      "type": "string",
      "metadata": {
        "Description": "The Resource Group for the new storage account"
      }
    }
  },
  "resources": [
  ],
  "outputs": {
    "blobEndpoint": {
      "type": "string",
      "value": "[reference(resourceId(parameters('storageAccountResourceGroup'), 'Microsoft.Storage/storageAccounts', parameters('storageAccountName')), parameters('apiVersions').storageAccounts).primaryEndpoints['blob']]"
    },
    "storageAccountResourceGroup": {
      "type": "string",
      "value": "[parameters('storageAccountResourceGroup')]"
    }
  }
}
