{
  "$schema": "https://schema.management.azure.com/schemas/2015-01-01/deploymentTemplate.json#",
  "contentVersion": "1.0.0.0",
  "parameters": {
    "apiVersions": {
      "type": "object",
      "metadata": {
        "description": "ARM resource API versions"
      }
    },
    "location": {
      "type": "string"
    },
    "providerGuid": {
      "type": "string"
    },
    "subnetName": {
      "type": "string"
    },
    "subnetPrefix": {
      "type": "string"
    },
    "virtualNetworkName": {
      "type": "string"
    },
    "virtualNetworkResourceGroup": {
      "type": "string"
    },
    "virtualNetworkAddressPrefix": {
      "type": "string"
    }
  },
  "variables" : {
    "vnetID" : "[resourceId('Microsoft.Network/virtualNetworks', parameters('virtualNetworkName'))]",
    "subnet" : "[concat(variables('vnetID'),'/subnets/',parameters('subnetName'))]"
  },
  "resources": [
    {
      "type": "Microsoft.Network/virtualNetworks",
      "name": "[parameters('virtualNetworkName')]",
      "apiVersion": "[parameters('apiVersions').virtualNetworks]",
      "tags": {
        "project": "Chef Automate",
        "provider": "[parameters('providerGuid')]"
      },
      "location": "[parameters('location')]",
      "properties": {
        "addressSpace": {
          "addressPrefixes": [
            "[parameters('virtualNetworkAddressPrefix')]"
          ]
        },
        "subnets": [
          {
            "name": "[parameters('subnetName')]",
            "properties": {
              "addressPrefix": "[parameters('subnetPrefix')]"
            }
          }
        ]
      }
    }
  ],
  "outputs": {
    "subnetRef": {
      "value": "[variables('subnet')]",
      "type": "string"
    }
  }
}
